curr_type,cafes,fast_casual,fast_food,other,sit_down
cafes,0.3333333333333333,0.3333333333333333,0.3333333333333333,0.0,0.0
fast_casual,0.0,0.7241379310344828,0.06896551724137931,0.06896551724137931,0.13793103448275862
fast_food,0.07692307692307693,0.5384615384615384,0.15384615384615385,0.15384615384615385,0.07692307692307693
other,0.0,0.5294117647058824,0.058823529411764705,0.29411764705882354,0.11764705882352941
sit_down,0.043478260869565216,0.5652173913043478,0.13043478260869565,0.043478260869565216,0.21739130434782608
